model,test_id,test_ood
analytic,9.339511324213149e-07,1.1060647865409943e-06
mlp,1.8481825133548866,3.0267112994687015
delan,0.11550149518462904,0.6196683921759225
